{"cameraMode":{"drawMode":0,"name":"Shaded","section":"Shading Mode"},"sceneLighting":false,"audioPlay":false,"sceneViewState":{"showFog":true,"showMaterialUpdate":false,"showSkybox":true,"showFlares":true,"showImageEffects":true,"showParticleSystems":true},"in2DMode":false,"pivot":{"x":0.008568018674850464,"y":0.6553066372871399,"z":0.1448604315519333},"rotation":{"x":-0.5182142853736877,"y":0.1760571449995041,"z":-0.10996435582637787,"w":-0.8296781182289124},"size":3.200202703475952,"orthographic":false}