{"cameraMode":{"drawMode":0,"name":"Shaded","section":"Shading Mode"},"sceneLighting":false,"audioPlay":false,"sceneViewState":{"showFog":true,"showMaterialUpdate":false,"showSkybox":true,"showFlares":true,"showImageEffects":true,"showParticleSystems":true},"in2DMode":false,"pivot":{"x":-0.022071003913879396,"y":0.23019704222679139,"z":0.004667788743972778},"rotation":{"x":-0.5182142853736877,"y":0.1760571449995041,"z":-0.10996435582637787,"w":-0.8296781182289124},"size":1.3450714349746705,"orthographic":false}