{"cameraMode":{"drawMode":0,"name":"Shaded","section":"Shading Mode"},"sceneLighting":false,"audioPlay":false,"sceneViewState":{"showFog":true,"showMaterialUpdate":false,"showSkybox":true,"showFlares":true,"showImageEffects":true,"showParticleSystems":true},"in2DMode":false,"pivot":{"x":1.254702091217041,"y":2.97839093208313,"z":-0.2826831340789795},"rotation":{"x":-0.5182142853736877,"y":0.1760571449995041,"z":-0.10996435582637787,"w":-0.8296781182289124},"size":19.63251495361328,"orthographic":false}