{"cameraMode":{"drawMode":0,"name":"Shaded","section":"Shading Mode"},"sceneLighting":false,"audioPlay":false,"sceneViewState":{"showFog":true,"showMaterialUpdate":false,"showSkybox":true,"showFlares":true,"showImageEffects":true,"showParticleSystems":true},"in2DMode":false,"pivot":{"x":-5.722243785858154,"y":7.597049236297607,"z":5.25015115737915},"rotation":{"x":-0.20531818270683289,"y":0.3044430613517761,"z":-0.06737922877073288,"w":-0.9276955127716065},"size":15.938458442687989,"orthographic":false}