{"cameraMode":{"drawMode":0,"name":"Shaded","section":"Shading Mode"},"sceneLighting":false,"audioPlay":false,"sceneViewState":{"showFog":true,"showMaterialUpdate":false,"showSkybox":true,"showFlares":true,"showImageEffects":true,"showParticleSystems":true},"in2DMode":false,"pivot":{"x":-21.656177520751954,"y":9.073833465576172,"z":0.5423507690429688},"rotation":{"x":-0.15601332485675813,"y":0.8345632553100586,"z":-0.29879823327064516,"w":-0.43575653433799746},"size":28.098487854003908,"orthographic":false}